Stage.Name;Group;ig_name;Followers;Gender.x;Full.Name;Korean.Name;K.Stage.Name;Date.of.Birth;Debut;Company;Country;Height;Weight;Gender.y;age;year.career
Ace;VAV;ace.vav;335439;Boy;Jang Wooyoung;장우영;에이스;28.08.1992;31.10.2015;A team;South Korea;177;63;M;30;7
Ahra;FAVORITE;ahra.view;12342;Girl;Go Ahra;고아라;아라;21.02.2001;05.07.2017;Astory;South Korea;NA;NA;F;22;6
Ahyoung;DAL SHABET;a_young91;10479;Girl;Cho Jayoung;조자영;아영;26.05.1991;03.01.2011;Happy Face;South Korea;NA;NA;F;32;12
Alice;HELLO VENUS;hv_alice;11135;Girl;Song Joohee;송주희;앨리스;21.03.1990;09.05.2012;Fantagio;South Korea;166;47;F;33;11
Amber;F(X);ajol_llama;5519743;Girl;Amber Josephine Liu;엠버 조세핀 리우;엠버;18.09.1992;05.09.2009;SM;USA;167;NA;F;30;13
Arang;PINK FANTASY;arang_official_md;17749;Girl;Park Yerim;박예림;아랑;22.01.2001;28.10.2018;My Doll;South Korea;167;49;F;22;4
Ari;TAHITI;tahiti__ari;30965;Girl;Kim Sunyoung;김선영;아리;23.10.1994;23.06.2012;J-line;South Korea;NA;NA;F;28;11
Arin;OH MY GIRL;ye._.vely618;1857972;Girl;Choi Yewon;최예원;아린;18.06.1999;21.04.2015;WM;South Korea;163;47;F;24;8
Aron;NU'EST;nuestaron;718784;Boy;Kwak Youngmin;곽영민;아론;21.05.1993;15.03.2012;Pledis;South Korea;NA;NA;M;30;11
Ashley;LADIES' CODE;ashleybchoi;541344;Girl;Ashley Choi;애슐리 최;애슐리;09.11.1991;07.03.2013;Polaris;South Korea;NA;NA;F;31;10
Ayno;VAV;ayno.vav;442087;Boy;Noh Yoonho;노윤호;에이노;01.05.1996;31.10.2015;A team;South Korea;183;61;M;27;7
B-Bomb;BLOCK B;bbomb2011;313078;Boy;Lee Minhyuk;이민혁;비범;14.12.1990;15.04.2011;KQ;South Korea;178;60;M;32;12
Babysoul;LOVELYZ;babysoullvlz;71558;Girl;Lee Soojung;이수정;베이비소울;06.07.1992;17.11.2014;Woollim;South Korea;158;41;F;31;8
Baekhyun;EXO;baekhyunee_exo;21803656;Boy;Byun Baekhyun;변백현;백현;06.05.1992;08.04.2012;SM;South Korea;174;58;M;31;11
BamBam;GOT7;bambam1a;17525604;Boy;Kunpimook Bhuwakul;꾼삐묵 부와꾼;뱀뱀;02.05.1997;16.01.2014;JYP;Thailand;170;52;M;26;9
Benji;B.I.G;baebenji92;10703;Boy;Baek Jaewook;배제욱;벤지;03.05.1992;09.07.2014;GH;USA;183;72;M;31;9
BM;KARD;bigmatthewww;2703891;Boy;Matthew Kim;매튜김;비엠;20.10.1992;29.03.2007;DSP;South Korea;NA;NA;M;30;16
Bobby;IKON;bobbyindaeyo;3207006;Boy;Kim Jiwon;김지원;바비;21.12.1995;15.09.2015;YG;South Korea;NA;NA;M;27;7
Bomi;APINK;__yoonbomi__;932196;Girl;Yoon Bomi;윤보미;보미;13.08.1993;19.04.2011;Plan A;South Korea;163;NA;F;29;12
Bona;WJSN;bn_95819;1984459;Girl;Kim Jiyeon;김지연;보나;19.08.1995;25.02.2016;Starship;South Korea;163;NA;F;27;7
Bora;CHERRY BULLET;color_of_bora;53052;Girl;Kim Bora;김보라;보라;03.03.1999;21.01.2019;FNC;South Korea;NA;NA;F;24;4
Byungchan;VICTON;_c.b.c_1112;2016565;Boy;Choi Byungchan;최병찬;병찬;12.11.1997;09.11.2016;Plan A;South Korea;NA;NA;M;25;6
Chaebin;NATURE;yub_in_out;7476;Girl;Choi Yoobin;최유빈;채빈;28.07.1999;03.08.2018;n.CH;South Korea;NA;NA;F;23;4
Chaejeong;ALICE;chaerishxx;20562;Girl;Lee Chaejeong;이채정;채정;26.08.1999;01.07.2017;IOK Company;South Korea;164;48;F;23;6
Chaerin;CHERRY BULLET;chaerin_0313;39052;Girl;Park Chaerin;박채린;채린;13.03.2002;21.01.2019;FNC;South Korea;NA;NA;F;21;4
Chaewon;LE SSERAFIM;_chaechae_1;6162880;Girl;Kim Chaewon;김채원;채원;01.08.2000;02.05.2022;Source;South Korea;NA;NA;F;22;1
Chaeyeon;IZ*ONE;chaestival_;2213645;Girl;Lee Chaeyeon;이채연;채연;11.01.2000;29.10.2018;Off The Record;South Korea;NA;NA;F;23;4
Chaeyoung;FROMIS_9;c.young__0514;522877;Girl;Lee Chaeyoung;이채영;채영;14.05.2000;24.01.2018;Off The Record;South Korea;NA;NA;F;23;5
Chaeyoung;TWICE;chaeyo.0;8858825;Girl;Son Chaeyoung;손채영;채영;23.04.1999;20.10.2015;JYP;South Korea;159;NA;F;24;7
Chan;A.C.E;chan_fficial;38718;Boy;Kang Yoochan;강유찬;찬;31.12.1997;23.05.2017;Beat;South Korea;NA;NA;M;25;6
Changsub;BTOB;lee_cs_btob;98726;Boy;Lee Changsub;이창섭;창섭;26.02.1991;21.03.2012;Cube;South Korea;177;64;M;32;11
Changsun;24K;24k_changsunny;78478;Boy;Lee Changsun;이창선;창선;17.03.1996;06.09.2012;Choeun;South Korea;179;58;M;27;10
Chanmi;AOA;chanmi_96a;498678;Girl;Kim Chanmi;김찬미;찬미;19.06.1996;30.07.2012;FNC;South Korea;166;47;F;27;10
Chansung;2PM;hwang_chan222;316014;Boy;Hwang Chansung;황찬성;찬성;11.02.1990;04.07.2008;JYP;South Korea;184;75;M;33;15
Chanyeol;EXO;real__pcy;24056706;Boy;Park Chanyeol;박찬열;찬열;27.11.1992;08.04.2012;SM;South Korea;185;70;M;30;11
Chiayi;FANATICS;chiayilee_;5591;Girl;Li Chiayi;지아이;지아이;22.01.2000;06.08.2019;FENT;Taiwan;164;NA;F;23;3
Choa;CRAYON POP;minjinchoa;57592;Girl;Heo Minjin;허민진;초아;12.07.1990;18.07.2012;Chrome;South Korea;161;NA;F;33;11
Choerry;LOONA;cher_ryppo;23906;Girl;Choi Yerim;최예림;최리;04.06.2001;20.08.2018;Blockberry;South Korea;NA;NA;F;22;4
Chorong;APINK;mulgokizary;1008659;Girl;Park Chorong;박초롱;초롱;03.03.1991;19.04.2011;Plan A;South Korea;165;NA;F;32;12
CNU;B1A4;realcnu;279558;Boy;Shin Dongwoo;신동우;신우;16.06.1991;19.04.2010;WM;South Korea;182;64;M;32;13
D.ana;SONAMOO;_rlooh;7657;Girl;Cho Eunae;조은애;디애나;10.09.1995;29.12.2014;TS;South Korea;170;NA;F;27;8
Daehyun;B.A.P;official_jdh;741172;Boy;Jung Daehyun;정대현;대현;28.06.1993;27.01.2012;TS;South Korea;177;63;M;30;11
Daeun;2EYES;da.ni_jung;101954;Girl;Jung Daeun;정다은;정다은;03.06.1994;20.07.2013;SidusHQ;South Korea;161;NA;F;29;10
Dahyun;TWICE;dahhyunnee;8081245;Girl;Kim Dahyun;김다현;다현;28.05.1998;20.10.2015;JYP;South Korea;165;NA;F;25;7
Dakyung;HI-L;dapopo_7;1129;Girl;Jung Dakyung;정다경;다경;23.07.2001;11.08.2021;Kpop Live;South Korea;NA;NA;F;22;1
Dami;DREAMCATCHER;00ld_ami;364197;Girl;Lee Yoobin;이유빈;다미;07.03.1997;13.01.2017;Happy Face;South Korea;163;NA;F;26;6
Dawon;SF9;dwww_w_;571988;Boy;Lee Sanghyuk;이상혁;다원;24.07.1995;05.10.2016;FNC;South Korea;NA;NA;M;28;6
Dawon;WJSN;dawon_hae27;3016;Girl;Nam Dawon;남다원;다원;16.03.1997;25.02.2016;Starship;South Korea;167;NA;F;26;7
Dayoung;WJSN;dayomi99;55874;Girl;Im Dayoung;임다영;다영;14.05.1999;25.02.2016;Starship;South Korea;161;NA;F;24;7
Dino;SEVENTEEN;feat.dino;3642833;Boy;Lee Chan;이찬;디노;11.02.1999;26.05.2015;Pledis;South Korea;167;54;M;24;8
DK;SEVENTEEN;dk_is_dokyeom;4883637;Boy;Lee Seongmin;이석민;도겸;18.02.1997;26.05.2015;Pledis;South Korea;178;68;M;26;8
Do-A;ALICE;negabaroyoona;66459;Girl;Choi Yuna;최윤아;도아;02.02.1999;01.07.2017;IOK Company;South Korea;NA;NA;F;24;6
Doah;FANATICS;lcirndxah;311691;Girl;Kim Doah;김도아;도아;04.12.2003;06.08.2019;FENT;South Korea;163;42;F;19;3
Donghae;SUPER JUNIOR;leedonghae;7138398;Boy;Lee Donghae;이동해;동해;15.10.1986;06.11.2005;SM;South Korea;176;60;M;36;17
Donghun;A.C.E;bldhue;69246;Boy;Lee Donghun;이동훈;동훈;15.05.1993;23.05.2017;Beat;South Korea;NA;NA;M;30;6
Donghyun;BOYFRIEND;boy_e.black;210857;Boy;Kim Donghyun;김동현;동현;12.02.1989;26.05.2011;Starship;South Korea;178;60;M;34;12
Dongwoo;INFINITE;ddong_gg0;62791;Boy;Jang Dongwoo;장동우;동우;22.11.1990;09.06.2010;Woollim;South Korea;171;58;M;32;13
Doojoon;HIGHLIGHT;beeeestdjdjdj;1617496;Boy;Yoon Doojoon;윤두준;두준;04.07.1989;14.10.2009;Around Us;South Korea;177;66;M;34;13
Dowoon;DAY6;d.ddablue;1135625;Boy;Yoon Dowoon;윤도운;도운;25.08.1995;07.09.2015;JYP;South Korea;NA;NA;M;27;7
Doyeon;WEKI MEKI;lafilledhiver_;1420030;Girl;Kim Doyeon;김도연;도연;04.12.1999;08.08.2017;Fantagio;South Korea;NA;NA;F;23;5
Doyoung;NCT;do0_nct;11679382;Boy;Kim Dongyoung;김동영;도영;01.02.1996;09.04.2016;SM;South Korea;NA;NA;M;27;7
E-Young;AFTER SCHOOL;e_young0816;69827;Girl;Noh Yiyoung;노이영;이영;16.08.1992;15.01.2009;Pledis;South Korea;NA;NA;F;30;14
EJ;ALICE;ejneuneunjineunej;19092;Girl;Kim Eunji;김은지;이제이;13.08.1997;01.07.2017;IOK Company;South Korea;164;47;F;25;6
Ellin;CRAYON POP;hiellin;133912;Girl;Kim Minyoung;김민영;엘린;02.04.1990;18.07.2012;Chrome;South Korea;165;44;F;33;11
Elly;WEKI MEKI;_haerimida;164017;Girl;Jung Haerim;정해림;엘리;20.07.1998;08.08.2017;Fantagio;South Korea;NA;NA;F;25;5
Euijin;SONAMOO;_hongeuijin_;76353;Girl;Hong Euijin;홍의진;의진;08.10.1996;29.12.2014;TS;South Korea;168;NA;F;26;8
Eunbi;IZ*ONE;silver_rain.__;2055521;Girl;Kwon Eunbi;권은비;은비;27.09.1995;29.10.2018;Off The Record;South Korea;NA;NA;F;27;4
Eunbin;CLC;superb_ean;888517;Girl;Kwon Eunbin;권은빈;은빈;06.01.2000;19.03.2015;Cube;South Korea;167;48;F;23;8
Eunchae;DIA;silver_chae_526;106509;Girl;Kwon Chaewon;권채원;은채;26.05.1999;14.07.2015;MBK;South Korea;NA;NA;F;24;8
Eunchae;LE SSERAFIM;hhh.e_c.v;3495608;Girl;Hong Eunchae;홍은채;은채;10.11.2006;02.05.2022;Source;South Korea;172;NA;F;16;1
Eunha;VIVIZ;rlo.ldl;1855917;Girl;Jung Eunbi;정은비;은하;30.05.1997;09.02.2022;Big Planet Made;South Korea;163;NA;F;26;1
Eunice;DIA;e.heomer;53992;Girl;Heo Sooyeon;허수연;유니스;02.09.1991;14.07.2015;MBK;South Korea;166;49;F;31;8
Eunji;APINK;artist_eunji;2597797;Girl;Jung Eunji;정은지;은지;18.08.1993;19.04.2011;Plan A;South Korea;163;NA;F;29;12
Eunji;BRAVE GIRLS;bg_eunji92;517344;Girl;Hong Eunji;홍은지;은지;19.07.1992;08.04.2011;Brave;South Korea;NA;NA;F;31;12
Eunjung;T-ARA;eunjung.hahm;913663;Girl;Ham Eunjung;함은정;은정;12.12.1988;29.07.2009;MBK;South Korea;167;47;F;34;13
Eunkwang;BTOB;btob_silver_light;1053513;Boy;Seo Eunkwang;서은광;은광;22.11.1990;21.03.2012;Cube;South Korea;173;62;M;32;11
Eunseo;WJSN;_eunseo_v;745723;Girl;Son Juyeon;손주연;은서;27.05.1998;25.02.2016;Starship;South Korea;167;NA;F;25;7
Eunwoo;ASTRO;eunwo.o_c;36175751;Boy;Cha Eunwoo;차은우;은우;30.03.1997;23.02.2016;Fantagio;South Korea;NA;NA;M;26;7
Eunwoo;HINAPIA;j_e_w_w_w;90661;Girl;Jeong Eunwoo;정은우;은우;01.07.1998;03.11.2019;Alseulbit;South Korea;167;48;F;25;3
Exy;WJSN;exy_s2;726651;Girl;Chu Sojung;추소정;엑시;06.11.1995;25.02.2016;Starship;South Korea;166;NA;F;27;7
Gahyeon;DREAMCATCHER;fox._.zzlo_;347262;Girl;Lee Gahyeon;이가현;가현;03.02.1999;13.01.2017;Happy Face;South Korea;NA;NA;F;24;6
Gain;BROWN EYED GIRLS;songain87;369552;Girl;Son Gain;손가인;가인;20.09.1987;02.03.2006;Mystic;South Korea;NA;NA;F;35;17
Gikwang;HIGHLIGHT;gttk0000;1183102;Boy;Lee Gikwang;이기광;기광;30.03.1990;14.10.2009;Around Us;South Korea;171;58;M;33;13
Gongchan;B1A4;gongchanida;369268;Boy;Gong Chansik;공찬식;공찬;14.08.1993;19.04.2010;WM;South Korea;181;60;M;29;13
Gowon;LOONA;novvog;18222;Girl;Park Chaewon;박채원;고원;19.11.2000;20.08.2018;Blockberry;South Korea;NA;NA;F;22;4
Gowoon;BERRY GOOD;gowoon_m111;60851;Girl;Moon Yujeong;문유정;고운;18.12.1998;21.05.2014;Asia Bridge;South Korea;167;NA;F;24;9
Gunmin;B.I.G;big_gunmin1003;152719;Boy;Lee Gunmin;이건민;건민;03.10.1994;09.07.2014;GH;South Korea;177;64;M;28;9
Haebin;GUGUDAN;haebeeni_;47114;Girl;Han Haebin;한해빈;해빈;16.08.1995;28.06.2016;Jellyfish;South Korea;NA;NA;F;27;7
Haechan;NCT;haechanahceah;6987487;Boy;Lee Donghyuk;이동혁;해찬;06.06.2000;09.04.2016;SM;South Korea;NA;NA;M;23;7
Haein;LABOUM;hhae_in_;80806;Girl;Yeom Haein;염해인;해인;19.05.1995;27.08.2014;NH;South Korea;162;45;F;28;8
Haeun;3YE;uppereun_y;43153;Girl;Yoon Haeun;윤하은;하은;12.03.1999;21.05.2019;GH;South Korea;163;NA;F;24;4
Haeyoon;CHERRY BULLET;h.yoooni;40392;Girl;Park Haeyoon;박해윤;해윤;10.01.1996;21.01.2019;FNC;South Korea;157;43;F;27;4
Hana;GUGUDAN;allbyhana;95453;Girl;Shin Bora;신보라;하나;30.04.1993;28.06.2016;Jellyfish;South Korea;NA;NA;F;30;7
Handong;DREAMCATCHER;0.0_handong;343293;Girl;Han Dong;한동;한동;26.03.1996;13.01.2017;Happy Face;China;NA;NA;F;27;6
Hangyeom;OMEGA X;0_1_gyeom;56581;Boy;Song Hangyeom;송한겸;한겸;17.07.1996;17.10.2016;JT Corea;South Korea;NA;NA;M;27;6
Hani;EXID;ahnhani_92;4632988;Girl;Ahn Hee-yeon;안희연;하니;01.05.1992;16.02.2012;Yedang;South Korea;168;NA;F;31;11
Harin;PINK FANTASY;harin_official_md;18645;Girl;Park Guenhye;박근혜;하린;26.05.2000;28.10.2018;My Doll;South Korea;164;48;F;23;4
Haseul;LOONA;withaseul;17617;Girl;Jo Haseul;조하슬;하슬;18.08.1997;20.08.2018;Blockberry;South Korea;NA;NA;F;25;4
Hayoung;APINK;_ohhayoung_;1006934;Girl;Oh Hayoung;오하영;하영;19.07.1996;19.04.2011;Plan A;South Korea;167;NA;F;27;12
Hayoung;FROMIS_9;shy9_29;653437;Girl;Song Hayoung;송하영;하영;29.09.1997;24.01.2018;Off The Record;South Korea;NA;NA;F;25;5
Heechul;SUPER JUNIOR;kimheenim;5595526;Boy;Kim Heechul;김희철;희철;10.07.1983;06.11.2005;SM;South Korea;179;60;M;40;17
Heedo;B.I.G;yoo_heedo96;149603;Boy;Yoon Heedo;유희도;희도;22.04.1996;09.07.2014;GH;South Korea;180;60;M;27;9
High.D;SONAMOO;d0hee___;11142;Girl;Kim Dohee;김도희;하이디;21.12.1996;29.12.2014;TS;South Korea;165;NA;F;26;8
Hitomi;IZ*ONE;10_hitomi_06;1525912;Girl;Honda Hitomi;혼다 히토미;히토미;06.10.2001;29.10.2018;Off The Record;Japan;NA;NA;F;21;4
Hongseok;PENTAGON;_hongseokie;692023;Boy;Yang Hongseok;양홍석;홍석;17.04.1994;10.10.2016;Cube;South Korea;NA;NA;M;29;6
Hoshi;SEVENTEEN;ho5hi_kwon;5471781;Boy;Kwon Soonyoung;권순영;호시;15.06.1996;26.05.2015;Pledis;South Korea;178;63;M;27;8
Hui;PENTAGON;huitag_me;229187;Boy;Lee Hwitaek;이회택;후이;28.08.1993;10.10.2016;Cube;South Korea;NA;NA;M;29;6
Hwasa;MAMAMOO;_mariahwasa;8829733;Girl;Ahn Hyejin;안혜진;화사;23.07.1995;18.06.2014;RBW;South Korea;162;44;F;28;9
Hweseung;N.FLYING;hweng_star;283235;Boy;Yoo Hweseung;유회승;회승;28.02.1995;20.05.2015;FNC;South Korea;NA;NA;M;28;8
Hyangsuk;2EYES;e_gawon_e;10349;Girl;Lee Hyangsuk;이향숙;향숙;24.04.1991;20.07.2013;SidusHQ;South Korea;165;NA;F;32;10
Hyebin;MOMOLAND;hyebinmm;355047;Girl;Lee Hyebin;이혜빈;혜빈;12.01.1996;09.11.2016;Double Kick;South Korea;165;44;F;27;6
Hyejeong;AOA;dongdong810;562376;Girl;Shin Hyejeong;신혜정;혜정;10.08.1993;30.07.2012;FNC;South Korea;170;48;F;29;10
Hyemi;9MUSES;pyopyohyemi;109027;Girl;Pyo Hyemi;표혜미;혜미;03.04.1991;12.08.2010;Star Empire;South Korea;171;46;F;32;12
Hyeri;GIRL'S DAY;hyeri_0609;7811045;Girl;Lee Hyeri;이혜리;혜리;09.06.1994;09.07.2010;DreamT;South Korea;167;46;F;29;13
Hyerin;EXID;hyeliniseo;991944;Girl;Seo Hyerin;서혜린;혜린;23.08.1993;16.02.2012;Yedang;South Korea;165;NA;F;29;11
Hyewon;IZ*ONE;hyemhyemu;2108261;Girl;Kang Hyewon;강혜원;혜원;05.07.1999;29.10.2018;Off The Record;South Korea;NA;NA;F;24;4
Hyeyeon;BESTIE;yoni2_;120428;Girl;Kang Hyeyeon;강혜연;혜연;08.12.1990;11.07.2013;YNB;South Korea;NA;NA;F;32;10
Hyojung;OH MY GIRL;candyz_hyojung;645628;Girl;Choi Hyojung;최효정;효정;28.07.1994;21.04.2015;WM;South Korea;160;46;F;28;8
Hyomin;T-ARA;hyominnn;3600844;Girl;Park Sunyoung;박선영;효민;30.05.1989;29.07.2009;MBK;South Korea;167;43;F;34;13
Hyuk;OMEGA X;hyuk.71;55988;Boy;Yang Hyuk;양혁;혁;15.03.2000;17.10.2016;JT Corea;South Korea;183;67;M;23;6
Hyuk;VIXX;hsh0705;524063;Boy;Han Sanghyuk;한상혁;혁;05.07.1995;24.05.2012;Jellyfish;South Korea;181;62;M;28;11
Hyukjin;100%;100per_hj;33016;Boy;Jang Hyukjin;장혁진;혁진;20.12.1993;18.09.2012;TOP Media;South Korea;NA;NA;M;29;10
Hyungwon;MONSTA X;coenffl;1845947;Boy;Chae Hyungwon;채형원;형원;15.01.1994;14.05.2014;Starship;South Korea;NA;NA;M;29;9
Hyunjoo;UNI.T;hyun.joo_lee;189726;Girl;Lee Hyunjoo;이현주;현주;05.02.1998;18.05.2018;Unit Culture;South Korea;NA;NA;F;25;5
Hyunsik;BTOB;imhyunsik;926185;Boy;Lim Hyunsik;임현식;현식;07.03.1992;21.03.2012;Cube;South Korea;177;66;M;31;11
Ilhoon;BTOB;ilhoonmj;839468;Boy;Jung Ilhoon;정일훈;일훈;04.10.1994;21.03.2012;Cube;South Korea;176;64;M;28;11
Inseong;SF9;pum.castle;337516;Boy;Kim Inseong;김인성;인성;12.07.1993;05.10.2016;FNC;South Korea;NA;NA;M;30;6
Irene;RED VELVET;renebaebae;11113475;Girl;Bae Juhyun;배주현;아이린;29.03.1991;01.08.2014;SM;South Korea;161;NA;F;32;8
J-Hoon;B.I.G;jhoonstyle;83167;Boy;Lim Junghoon;임정훈;제이훈;15.07.1990;09.07.2014;GH;South Korea;172;62;M;33;9
J-Hope;BTS;uarmyhope;45880758;Boy;Jung Hoseok;정호석;제이홉;18.02.1994;13.06.2013;Big Hit;South Korea;177;65;M;29;10
J.seph;KARD;j.seph_;1653959;Boy;Kim Taehyung;김태형;제이셉;21.06.1992;29.03.2007;DSP;South Korea;NA;NA;M;31;16
Jackson;GOT7;jacksonwang852g7;32016901;Boy;Jackson Wang;잭슨 왕;잭슨;28.03.1994;16.01.2014;JYP;Hong Kong;174;63;M;29;9
Jacob;VAV;jacob.vav;30074;Boy;Zhang Peng;장펑;제이콥;07.09.1996;31.10.2015;A team;China;184;63;M;26;7
Jae;DAY6;eajpark;1441270;Boy;Park Jaehyung;박제형;제이;15.09.1992;07.09.2015;JYP;South Korea;NA;NA;M;30;7
Jaehan;OMEGA X;jaehan__k;212434;Boy;Kim Jaehan;김재한;재한;01.07.1995;17.10.2016;JT Corea;South Korea;NA;NA;M;28;6
Jaehyo;BLOCK B;bbjhyo;22154;Boy;Ahn Jaehyo;안재효;재효;23.12.1990;15.04.2011;KQ;South Korea;182;60;M;32;12
Jaehyun;N.FLYING;_.kimjaehyun._;493614;Boy;Kim Jaehyun;김재현;재현;15.07.1994;20.05.2015;FNC;South Korea;NA;NA;M;29;8
Jaehyun;NCT;_jeongjaehyun;14585953;Boy;Jung Yoonoh;정윤오;재현;14.02.1997;09.04.2016;SM;South Korea;NA;NA;M;26;7
Jaejoong;JYJ;jj_1986_jj;1934817;Boy;Kim Jaejoong;김재중;재중;26.01.1986;08.09.2010;C-JeS;South Korea;NA;NA;M;37;12
Jaemin;NCT;na.jaemin0813;12480330;Boy;Na Jaemin;나재민;재민;13.08.2000;09.04.2016;SM;South Korea;NA;NA;M;22;7
Jangjun;GOLDEN CHILD;jangjun_jjangsexyhotcute;23979;Boy;Lee Jangjun;이장준;장준;03.03.1997;28.08.2017;Woollim;South Korea;NA;NA;M;26;5
JB;GOT7;jaybnow.hr;6875584;Boy;Im Jaebum;임재범;제이비;06.01.1994;16.01.2014;JYP;South Korea;179;63;M;29;9
Jehyun;OMEGA X;pblm._.m;53967;Boy;Moon Jehyun;문제현;제현;20.04.1999;17.10.2016;JT Corea;South Korea;NA;NA;M;24;6
Jennie;BLACKPINK;jennierubyjane;78527157;Girl;Kim Jennie;김제니;제니;16.01.1996;08.08.2016;YG;South Korea;163;50;F;27;6
Jeonghan;SEVENTEEN;jeonghaniyoo_n;5119723;Boy;Yoon Jeonghan;윤정한;정한;04.10.1995;26.05.2015;Pledis;South Korea;175;54;M;27;8
Jeongyeon;TWICE;jy_piece;7215888;Girl;Yoo Jeongyeon;유정연;정연;01.11.1996;20.10.2015;JYP;South Korea;168;NA;F;26;7
Jiae;LOVELYZ;9.3.0521;136957;Girl;Yoo Jiae;유지애;지애;21.05.1993;17.11.2014;Woollim;South Korea;163;43;F;30;8
Jiae;WASSUP;ji.aee;99111;Girl;Kim Jiae;김지애;지애;31.10.1995;07.08.2013;Mafia;South Korea;NA;NA;F;27;9
Jiheon;FROMIS_9;jihoney_bb;697177;Girl;Baek Jiheon;백지헌;지헌;17.04.2003;24.01.2018;Off The Record;South Korea;NA;NA;F;20;5
Jihyo;TWICE;_zyozyo;8786200;Girl;Park Jisoo;박지수;지효;01.02.1997;20.10.2015;JYP;South Korea;162;NA;F;26;7
Jimin;BTS;j.m;49385614;Boy;Park Jimin;박지민;지민;13.10.1995;13.06.2013;Big Hit;South Korea;175;61;M;27;10
Jin;BTS;jin;45165530;Boy;Kim Seokjin;김석진;진;04.12.1992;13.06.2013;Big Hit;South Korea;179;63;M;30;10
Jinho;PENTAGON;jinhogwarts;252607;Boy;Jo Jinho;조진호;조진호;17.04.1992;10.10.2016;Cube;South Korea;NA;NA;M;31;6
Jinyoung;GOT7;jinyoung_0922jy;9876211;Boy;Park Jinyoung;박진영;진영;22.09.1994;16.01.2014;JYP;South Korea;178;63;M;28;9
Jisoo;BLACKPINK;sooyaaa__;72397050;Girl;Kim Jisoo;김지수;지수;03.01.1995;08.08.2016;YG;South Korea;162;45;F;28;6
Jisoo;LOVELYZ;jeezepizza;145099;Girl;Seo Jisoo;서지수;지수;11.02.1994;17.11.2014;Woollim;South Korea;165;46;F;29;8
Jisun;FROMIS_9;ro.x_rhz;474733;Girl;Roh Jisun;노지선;지선;23.11.1998;24.01.2018;Off The Record;South Korea;NA;NA;F;24;5
Jiwon;CHERRY BULLET;jiwxoxni;96271;Girl;Heo Jiwon;허지원;지원;04.09.2000;21.01.2019;FNC;South Korea;NA;NA;F;22;4
Jiwon;FROMIS_9;xjiwonparkx;469096;Girl;Park Jiwon;박지원;지원;20.03.1998;24.01.2018;Off The Record;South Korea;NA;NA;F;25;5
Jiyeon;T-ARA;jiyeon2__;5018813;Girl;Park Jiyeon;박지연;지연;07.06.1993;29.07.2009;MBK;South Korea;167;45;F;30;13
Johnny;NCT;johnnyjsuh;9561190;Boy;John Seo;존 서;쟈니;09.02.1995;09.04.2016;SM;USA;NA;NA;M;28;7
Johyun;BERRY GOOD;____jjjjohyuns;676415;Girl;Shin Jiwon;신지원;조현;14.04.1996;21.05.2014;Asia Bridge;South Korea;NA;NA;F;27;9
Jonghwan;100%;jonghwaan;39045;Boy;Jo Jonghwan;조종환;종환;23.11.1992;18.09.2012;TOP Media;South Korea;NA;NA;M;30;10
Jongup;B.A.P;moonjongyeup;522061;Boy;Moon Jongup;문종업;종업;06.02.1995;27.01.2012;TS;South Korea;176;66;M;28;11
Joochan;GOLDEN CHILD;__jootopia__;19236;Boy;Hong Joochan;홍주찬;주찬;31.07.1999;28.08.2017;Woollim;South Korea;NA;NA;M;23;5
Joshua;SEVENTEEN;joshuahong951230;6463871;Boy;Hong Jisoo;홍지수;조슈아;30.12.1995;26.05.2015;Pledis;USA;176;63;M;27;8
Joy;RED VELVET;_imyour_joy;14543633;Girl;Park Sooyoung;박수영;조이;03.09.1996;01.08.2014;SM;South Korea;163;NA;F;26;8
JR;NU'EST;pockyjr;1160316;Boy;Kim Jonghyun;김종현;제이알;08.06.1995;15.03.2012;Pledis;South Korea;NA;NA;M;28;11
Ju-ne;IKON;juneeeeeeya;2893796;Boy;Koo Junhoe;구준회;준회;31.03.1997;15.09.2015;YG;South Korea;NA;NA;M;26;7
Jueun;DIA;jusilver_67;17997;Girl;Lee Jooeun;이주은;주은;07.07.1995;14.07.2015;MBK;South Korea;NA;NA;F;28;8
Jun;A.C.E;ocean__park;47258;Boy;Park Junhee;박준희;준;02.06.1994;23.05.2017;Beat;South Korea;NA;NA;M;29;6
Jun;SEVENTEEN;junhui_moon;4177907;Boy;Weng Junhui;원쥔훼이;준;10.06.1996;26.05.2015;Pledis;China;180;63;M;27;8
Junghoon;OMEGA X;junghoon_214;54749;Boy;Han Jeonghoon;한정훈;정훈;14.02.2000;17.10.2016;JT Corea;South Korea;177;61;M;23;6
Junghwa;EXID;jeonghwa_0508;1166912;Girl;Park Junghwa;박정화;정화;08.05.1995;16.02.2012;Yedang;South Korea;169;NA;F;28;11
Jungwoo;BVNDIT;xx942xx__;9029;Girl;Uhm Jungwoo;엄정우;정우;02.04.1999;10.04.2019;MNH;South Korea;NA;NA;F;24;4
Junho;2PM;le2jh;2803634;Boy;Lee Junho;이준호;준호;25.01.1990;04.07.2008;JYP;South Korea;178;67;M;33;15
Junhyung;HIGHLIGHT;bigbadboii;2585421;Boy;Yong Junyung;용준형;준형;19.12.1989;14.10.2009;Around Us;South Korea;178;64;M;33;13
Kaeun;AFTER SCHOOL;by.gaeun;290206;Girl;Lee Kaeun;이가은;가은;20.08.1994;15.01.2009;Pledis;South Korea;NA;NA;F;28;14
Kai;EXO;zkdlin;14619606;Boy;Kim Jongin;김종인;카이;14.01.1994;08.04.2012;SM;South Korea;182;65;M;29;11
Karin;ALICE;karinnyday;2278;Girl;Min Karin;민가린;가린;05.01.2002;01.07.2017;IOK Company;South Korea;NA;NA;F;21;6
Kazuha;LE SSERAFIM;k_a_z_u_h_a__;4765820;Girl;Nakamura Kazuha;나카무라 카즈하;카즈하;09.08.2003;02.05.2022;Source;Japan;174;NA;F;19;1
Kei;LOVELYZ;_flower_kei;132302;Girl;Kim Jiyeon;김지연;케이;20.03.1995;17.11.2014;Woollim;South Korea;162;47;F;28;8
Ken;VIXX;keken_0406;911079;Boy;Lee Jaehwan;이재환;켄;06.04.1992;24.05.2012;Jellyfish;South Korea;180;65;M;31;11
Keumjo;9MUSES;keumjo_1217;99881;Girl;Lee Keumjo;이금조;금조;17.12.1992;12.08.2010;Star Empire;South Korea;167;48;F;30;12
Key;SHINEE;bumkeyk;9641860;Boy;Kim Kibum;김기범;키;23.09.1991;25.05.2008;SM;South Korea;179;59;M;31;15
Kihyun;MONSTA X;yookihhh;1688597;Boy;Yoo Kihyun;유기현;기현;22.11.1993;14.05.2014;Starship;South Korea;NA;NA;M;29;9
Kim Lip;LOONA;kimxxlip;265786;Girl;Kim Jungeun;김정은;김립;10.02.1999;20.08.2018;Blockberry;South Korea;NA;NA;F;24;4
Krystal;F(X);vousmevoyez;10563163;Girl;Krystal Jung;크리스탈 정;크리스탈;24.10.1994;05.09.2009;SM;South Korea;165;NA;F;28;13
Kwangmin;BOYFRIEND;kmboykm;116457;Boy;Jo Kwangmin;조광민;광민;24.04.1995;26.05.2011;Starship;South Korea;180;NA;M;28;12
Kyuhyun;SUPER JUNIOR;gyuram88;2048308;Boy;Cho Kyuhyun;조규현;규현;03.02.1988;06.11.2005;SM;South Korea;180;68;M;35;17
Kyungri;9MUSES;gyeongree;636777;Girl;Park Kyungri;박경리;경리;05.07.1990;12.08.2010;Star Empire;South Korea;170;50;F;33;12
L;INFINITE;kim_msl;3327774;Boy;Kim Myungsoo;김명수;엘;13.03.1992;09.06.2010;Woollim;South Korea;180;60;M;31;13
Lay;EXO;layzhang;14251685;Boy;Zhang Yixing;장이씽;레이;07.10.1991;08.04.2012;SM;China;177;60;M;31;11
LE;EXID;x_xellybabyx;941816;Girl;Ahn Hyejin;안효진;엘리;10.12.1991;16.02.2012;Yedang;South Korea;168;NA;F;31;11
Leeteuk;SUPER JUNIOR;xxteukxx;5251060;Boy;Park Jeongsu;박정수;이특;01.07.1983;06.11.2005;SM;South Korea;179;59;M;40;17
Lena;GWSN;lafindavril;8063;Girl;Kang Rena;강레나;레나;17.04.2002;05.09.2018;Kiwi Pop;South Korea;NA;NA;F;21;4
Leo;VIXX;leo_jungtw;1146669;Boy;Jung Taekwon;정택운;레오;10.11.1990;24.05.2012;Jellyfish;South Korea;183;63;M;32;11
Lime;HELLO VENUS;hv_juhwa;79214;Girl;Kim Hyerim;김혜림;라임;19.01.1993;09.05.2012;Fantagio;South Korea;169;50;F;30;11
Lisa;BLACKPINK;lalalalisa_m;93337766;Girl;Pranpriya Manoban;쁘란쁘리야 마노반;리사;27.03.1997;08.08.2016;YG;Thailand;170;46;F;26;6
Lou;VAV;lou.vav;307665;Boy;Kim Hosung;김호성;로우;21.12.1996;31.10.2015;A team;South Korea;187;69;M;26;7
Lua;WEKI MEKI;soo_kyungyi;135851;Girl;Kim Sookyung;김수경;루아;06.10.2000;08.08.2017;Fantagio;South Korea;NA;NA;F;22;5
Lucy;WEKI MEKI;ee.hyojeong;122293;Girl;Noh Hyojung;노효정;루시;31.08.2002;08.08.2017;Fantagio;South Korea;NA;NA;F;20;5
Luda;WJSN;e_lludda;554997;Girl;Lee Luda;이루다;루다;06.03.1997;25.02.2016;Starship;South Korea;157;NA;F;26;7
Luna;F(X);hermosavidaluna;1516689;Girl;Park Sunyoung;박선영;루나;12.08.1993;05.09.2009;SM;South Korea;162;NA;F;29;13
Mark;GOT7;mark_tuan;13765664;Boy;Mark Yien Tuan;마크 이엔 투안;마크;04.09.1993;16.01.2014;JYP;USA;175;59;M;29;9
Mark;NCT;onyourm__ark;11345668;Boy;Mark Lee;마크 리;마크;02.08.1999;09.04.2016;SM;Canada;NA;NA;M;23;7
May;CHERRY BULLET;ma0_may;73732;Girl;Hirokawa Mao;히로카와 마오;메이;16.11.2004;21.01.2019;FNC;Japan;NA;NA;F;18;4
Mijoo;LOVELYZ;queen.chu_s;536028;Girl;Lee Mijoo;이미주;미주;23.09.1994;17.11.2014;Woollim;South Korea;167;47;F;28;8
Mimi;GUGUDAN;mimi01o1;66938;Girl;Jung Mimi;정미미;미미;01.01.1993;28.06.2016;Jellyfish;South Korea;163;NA;F;30;7
Mimi;OH MY GIRL;mimmiiiya;684661;Girl;Kim Mihyun;김미현;미미;01.05.1995;21.04.2015;WM;South Korea;163;50;F;28;8
Mina;GUGUDAN;_happiness_o;1241751;Girl;Kang Mina;강미나;미나;04.12.1999;28.06.2016;Jellyfish;South Korea;162;48;F;23;7
Mina;TWICE;mina_sr_my;8317566;Girl;Myoui Mina;묘이 미나;미나;24.03.1997;20.10.2015;JYP;Japan;163;NA;F;26;7
Minah;GIRL'S DAY;bbang_93;1503250;Girl;Bang Minah;방민아;민아;13.05.1993;09.07.2010;DreamT;South Korea;165;47;F;30;13
Mingyu;SEVENTEEN;min9yu_k;9406795;Boy;Kim Mingyu;김민규;민규;06.04.1997;26.05.2015;Pledis;South Korea;185;65;M;26;8
Minho;SHINEE;choiminho_1209;3303247;Boy;Choi Minho;최민호;민호;09.12.1991;25.05.2008;SM;South Korea;181;60;M;31;15
Minhyuk;BTOB;hutazone;1998207;Boy;Lee Minhyuk;이민혁;민혁;29.11.1990;21.03.2012;Cube;South Korea;173;61;M;32;11
Minhyuk;MONSTA X;go5rae;1399377;Boy;Lee Minhyuk;이민혁;민혁;03.11.1993;14.05.2014;Starship;South Korea;NA;NA;M;29;9
Minhyun;NU'EST;optimushwang;5726329;Boy;Hwang Minhyun;황민현;민현;09.08.1995;15.03.2012;Pledis;South Korea;NA;NA;M;27;11
Minjae;SONAMOO;minjae_1218;12561;Girl;Seong Minjae;성민재;민재;18.12.1994;29.12.2014;TS;South Korea;165;NA;F;28;8
Minjae;TAHITI;tahiti_minjae;14126;Girl;Shin Minjae;신민재;민재;13.08.1991;23.06.2012;J-line;South Korea;NA;NA;F;31;11
Minju;GWSN;minjujuuu;954;Girl;Kang Minjoo;강민주;민주;11.03.2001;05.09.2018;Kiwi Pop;South Korea;NA;NA;F;22;4
Minnie;(G)I-DLE;min.nicha;5615380;Girl;Nicha Yontararak;니차 욘타라락;민니;23.10.1997;02.05.2018;Cube;Thailand;NA;NA;F;25;5
Mino;WINNER;realllllmino;6264461;Boy;Song Minho;송민호;민호;30.03.1993;12.08.2014;YG;South Korea;NA;NA;M;30;8
Minpyo;B.I.G;good_minpyo;60639;Boy;Gook Minpyo;국민표;민표;15.11.1994;09.07.2014;GH;South Korea;173;57;M;28;9
Minsu;BOYS REPUBLIC;ejrtjsdl12;50368;Boy;Park Minsu;김민수;민수;15.04.1993;03.06.2013;Happy Tribe| Universal;South Korea;172;55;M;30;10
Minwoo;BOYFRIEND;boyminwoo_;229596;Boy;No Minwoo;노민우;민우;31.07.1995;26.05.2011;Starship;South Korea;174;60;M;27;12
Minyoung;BRAVE GIRLS;nyong2ya;664093;Girl;Kim Minyeong;김민영;민영;12.09.1990;08.04.2011;Brave;South Korea;NA;NA;F;32;12
Miryo;BROWN EYED GIRLS;miryoakajohoney;80632;Girl;Jo Mihye;조미혜;미료;02.11.1981;02.03.2006;Mystic;South Korea;NA;NA;F;41;17
Miya;GWSN;___38kcal___;18352;Girl;Miyauchi Haruka;미야우치 하루카;미야;26.05.1993;05.09.2018;Kiwi Pop;Japan;NA;NA;F;30;4
Miyeon;(G)I-DLE;noodle.zip;3582981;Girl;Jo Miyeon;조미연;미연;31.01.1997;02.05.2018;Cube;South Korea;NA;NA;F;26;5
MJ;ASTRO;mj_7.7.7;3068910;Boy;Kim Myungjun;김명준;엠제이;05.03.1994;23.02.2016;Fantagio;South Korea;NA;NA;M;29;7
Momo;TWICE;momo;11504255;Girl;Hirai Momo;히라이 모모;모모;09.11.1996;20.10.2015;JYP;Japan;167;NA;F;26;7
Momoka;PINK FANTASY;momoka_official_pf;9076;Girl;Matsuda Momoka;마쓰다 모모카;모모카;26.12.2000;28.10.2018;My Doll;Japan;152;NA;F;22;4
Moonbyul;MAMAMOO;mo_onbyul;5093547;Girl;Moon Byulyi;문별이;문별;22.12.1992;18.06.2014;RBW;South Korea;165;45;F;30;9
N;VIXX;achahakyeon;1861221;Boy;Cha Hakyeon;차학연;엔;30.06.1990;24.05.2012;Jellyfish;South Korea;180;65;M;33;11
Nako;IZ*ONE;75_yabuki;1585101;Girl;Yabuki Nako;야부키 나코;나코;18.06.2001;29.10.2018;Off The Record;Japan;NA;NA;F;22;4
Namjoo;APINK;sarangdungy;826278;Girl;Kim Namjoo;김남주;남주;15.04.1995;19.04.2011;Plan A;South Korea;165;NA;F;28;12
Nana;AFTER SCHOOL;jin_a_nana;3933462;Girl;Im Jinah;임진아;나나;14.09.1991;15.01.2009;Pledis;South Korea;NA;NA;F;31;14
Nancy;MOMOLAND;nancyjewel_mcdonie_;3427748;Girl;Nancy Mcdonie;낸시 맥다니;낸시;13.04.2000;09.11.2016;Double Kick;South Korea;162;45;F;23;6
Nara;HELLO VENUS;hv_nara;1495340;Girl;Kwon Nara;권나라;나라;13.03.1991;09.05.2012;Fantagio;South Korea;172;52;F;32;11
Nari;WASSUP;kimnaris;29212;Girl;Kim Nari;김나리;나리;05.10.1992;07.08.2013;Mafia;South Korea;NA;NA;F;30;9
Narsha;BROWN EYED GIRLS;narsha81;119089;Girl;Park Hyojin;박효진;나르샤;28.12.1981;02.03.2006;Mystic;South Korea;NA;NA;F;41;17
Nayeon;TWICE;nayeonyny;10757436;Girl;Im Nayeon;임나연;나연;22.09.1995;20.10.2015;JYP;South Korea;163;NA;F;27;7
Nayoung;GUGUDAN;kny_951123;90254;Girl;Kim Nayoung;김나영;나영;23.11.1995;28.06.2016;Jellyfish;South Korea;169;50;F;27;7
Nayun;MOMOLAND;nayun_nannie;368938;Girl;Kim Nayun;김나윤;나윤;31.07.1998;09.11.2016;Double Kick;South Korea;167;48;F;24;6
New Sun;SONAMOO;wwww.new_world;16043;Girl;Choi Yoonsun;최윤선;뉴썬;19.06.1997;29.12.2014;TS;South Korea;172;NA;F;26;8
Nichkhun;2PM;khunsta0624;1423661;Boy;Nichkhun Horvejkul;닛차쿤 허라웻차꾼;닉쿤;24.06.1988;04.07.2008;JYP;Thailand;180;64;M;35;15
Onejunn;BOYS REPUBLIC;onejunn;35983;Boy;Jo Wonjun;조원준;원준;22.11.1988;03.06.2013;Happy Tribe| Universal;South Korea;179;61;M;34;10
Onew;SHINEE;dlstmxkakwldrl;2854748;Boy;Lee Jinki;이진기;온유;14.12.1989;25.05.2008;SM;South Korea;177;61;M;33;15
P.O;BLOCK B;pyojihoon_official;1232537;Boy;Pyo Jihoon;표지훈;피오;02.02.1993;15.04.2011;KQ;South Korea;181;64;M;30;12
Park Kyung;BLOCK B;qkrrud78;408199;Boy;Park Kyung;박경;박경;08.07.1992;15.04.2011;KQ;South Korea;176;56;M;31;12
Peniel;BTOB;btobpeniel;1138977;Boy;Shin Donggeun;신동근;프니엘;10.03.1993;21.03.2012;Cube;South Korea;175;63;M;30;11
Qri;T-ARA;qtfreet;639657;Girl;Lee Jihyun;이지현;큐리;12.12.1986;29.07.2009;MBK;South Korea;162;44;F;36;13
Rachel;APRIL;castlechel_0824;86639;Girl;Sung Nayeon;성나연;레이첼;28.08.2000;24.08.2015;DSP;South Korea;NA;NA;F;22;7
Raina;AFTER SCHOOL;raina_57;17675;Girl;Oh Hyerin;오혜린;레이나;07.05.1989;15.01.2009;Pledis;South Korea;NA;NA;F;34;14
Ravi;VIXX;ravithecrackkidz;1657143;Boy;Kim Wonsik;김원식;라비;15.02.1993;24.05.2012;Jellyfish;South Korea;183;65;M;30;11
Remi;CHERRY BULLET;remiland_;45323;Girl;Katsuno Rise;카츠노 리세;레미;26.04.2001;21.01.2019;FNC;Japan;NA;NA;F;22;4
Ren;NU'EST;glorypath;1250189;Boy;Choi Minki;최민기;렌;03.11.1995;15.03.2012;Pledis;South Korea;NA;NA;M;27;11
Renjun;NCT;yellow_3to3;7842916;Boy;Hwang Renjun;황런쥔;런쥔;23.03.2000;09.04.2016;SM;China;NA;NA;M;23;7
RM;BTS;rkive;43681931;Boy;Kim Namjoon;김남준;알엠;12.09.1994;13.06.2013;Big Hit;South Korea;181;67;M;28;10
Rocky;ASTRO;minhyuk202523;3126042;Boy;Park Minhyuk;박민혁;라키;25.02.1999;23.02.2016;Fantagio;South Korea;NA;NA;M;24;7
Rowoon;SF9;krwo_on;5274298;Boy;Kim Seokwoo;김석우;로운;07.08.1996;05.10.2016;FNC;South Korea;NA;NA;M;26;6
S.Coups;SEVENTEEN;sound_of_coups;5819916;Boy;Choi Seungcheol;최승철;에스.쿱스;08.08.1995;26.05.2015;Pledis;South Korea;177;63;M;27;8
Saebom;FAVORITE;hereiambom;2542;Girl;Kim Seyoung;김세영;새봄;13.01.1995;05.07.2017;Astory;South Korea;NA;NA;F;28;6
Saebom;NATURE;sae.rxxk;20307;Girl;Kim Saerok;김새록;새봄;30.01.1997;03.08.2018;n.CH;South Korea;NA;NA;F;26;4
Saerom;FROMIS_9;lsroom__;499444;Girl;Lee Saerom;이새롬;새롬;07.01.1997;24.01.2018;Off The Record;South Korea;NA;NA;F;26;5
Sakura;LE SSERAFIM;39saku_chan;7661574;Girl;Miyawaki Sakura;미야와키 사쿠라;사쿠라;19.03.1998;02.05.2022;Source;Japan;NA;NA;F;25;1
Sally;GUGUDAN;sally_lxning;109208;Girl;Liu Xiening;류셰닝;샐리;23.10.1996;28.06.2016;Jellyfish;China;NA;NA;F;26;7
Sana;TWICE;m.by__sana;9887725;Girl;Minatozaki Sana;미나토자키 사나;사나;29.12.1996;20.10.2015;JYP;Japan;168;NA;F;26;7
Sandeul;B1A4;sandoriganatanatda;205899;Boy;Lee Junghwan;이정환;산들;20.03.1992;19.04.2010;WM;South Korea;178;62;M;31;13
Sanha;ASTRO;ddana_yoon;3719191;Boy;Yoon Sanha;윤산하;산하;21.03.2000;23.02.2016;Fantagio;South Korea;NA;NA;M;23;7
Seea;PINK FANTASY;seea_official_md;20393;Girl;Kang Eunyoung;강은영;시아;21.08.1994;28.10.2018;My Doll;South Korea;160;43;F;28;4
Sehun;EXO;oohsehun;23425827;Boy;Oh Sehun;오세훈;세훈;12.04.1994;08.04.2012;SM;South Korea;181;63;M;29;11
Sehyung;BERRY GOOD;kkangsse;57287;Girl;Kang Sehyung;강세형;세형;13.12.1998;21.05.2014;Asia Bridge;South Korea;169;NA;F;24;9
Sejeong;GUGUDAN;clean_0828;9965492;Girl;Kim Sejeong;김세정;세정;28.08.1996;28.06.2016;Jellyfish;South Korea;164;48;F;26;7
Sejun;VICTON;_nujes.0504_;472154;Boy;Lim Sejun;임세준;세준;04.05.1996;09.11.2016;Plan A;South Korea;NA;NA;M;27;6
Seokyoung;GWSN;seokyoungee;9352;Girl;Kim Seokyung;김서경;서경;16.04.1999;05.09.2018;Kiwi Pop;South Korea;NA;NA;F;24;4
Seola;WJSN;seola_s;761738;Girl;Kim Hyunjung;김현정;설아;24.12.1994;25.02.2016;Starship;South Korea;165;NA;F;28;7
Seolhyun;AOA;sh_9513;3777078;Girl;Kim Seolhyun;김설현;설현;03.01.1995;30.07.2012;FNC;South Korea;167;47;F;28;10
Seoryoung;GWSN;126.00_;773;Girl;Lee Seoryung;이서령;서령;26.01.2000;05.09.2018;Kiwi Pop;South Korea;NA;NA;F;23;4
Seoyeon;FROMIS_9;yeonyeony_122;433758;Girl;Lee Seoyeon;이서연;서연;22.01.2000;24.01.2018;Off The Record;South Korea;NA;NA;F;23;5
Seoyoung;HELLO VENUS;hv_seo0;36896;Girl;Lee Seoyoung;이서영;서영;27.06.1994;09.05.2012;Fantagio;South Korea;164;50;F;29;11
Seoyul;BERRY GOOD;y__s._.s__;70519;Girl;Seo Yuri;서유리;서율;26.11.1997;21.05.2014;Asia Bridge;South Korea;163;NA;F;25;9
Serri;DAL SHABET;shabet_serri;154746;Girl;Park Miyeon;박미연;세리;16.09.1990;03.01.2011;Happy Face;South Korea;NA;NA;F;32;12
Seulgi;RED VELVET;hi_sseulgi;12893342;Girl;Kang Seulgi;강슬기;슬기;10.02.1994;01.08.2014;SM;South Korea;162;NA;F;29;8
Seungeun;BVNDIT;s_seung_eun;11172;Girl;Shim Seungeun;심승은;승은;27.12.2000;10.04.2019;MNH;South Korea;NA;NA;F;22;4
Seunghee;CLC;ohseunghee_official_;370294;Girl;Oh Seunghee;오승희;승희;10.10.1995;19.03.2015;Cube;South Korea;163;NA;F;27;8
Seunghee;OH MY GIRL;hyun_maxiang;389735;Girl;Hyun Seunghee;현승희;승희;25.01.1996;21.04.2015;WM;South Korea;160;48;F;27;8
Seunghyub;N.FLYING;sssn9_zzzn9;491725;Boy;Lee Seunghyub;이승협;승협;31.10.1992;20.05.2015;FNC;South Korea;NA;NA;M;30;8
Seungkwan;SEVENTEEN;pledis_boos;5894890;Boy;Boo Seungkwan;부승관;승관;16.01.1998;26.05.2015;Pledis;South Korea;172;58;M;25;8
Seungmin;GOLDEN CHILD;bae_min_s2;14834;Boy;Bae Seungmin;배승민;승민;13.10.1998;28.08.2017;Woollim;South Korea;NA;NA;M;24;5
Seungwoo;VICTON;w_o_o_y_a;1313766;Boy;Han Seungwoo;한승우;승우;24.12.1994;09.11.2016;Plan A;South Korea;NA;NA;M;28;6
Seungyeon;CLC;seung_monkey;414544;Girl;Jang Seunyeon;장승연;승연;06.11.1996;19.03.2015;Cube;South Korea;163;NA;F;26;8
Shindong;SUPER JUNIOR;earlyboysd;2778683;Boy;Shin Donghee;신동희;신동;28.09.1985;06.11.2005;SM;South Korea;178;90;M;37;17
Shotaro;NCT;_shotaroo_;6215399;Boy;Osaki Shotaro;오사키 쇼타로;쇼타로;25.11.2000;09.04.2016;SM;Japan;NA;NA;M;22;7
Shuhua;(G)I-DLE;yeh.shaa_;3633778;Girl;Yeh Shuhua;예슈화;슈화;06.01.2000;02.05.2018;Cube;Taiwan;161;45;F;23;5
Sieun;CHECKMATE;fallin__see;4663;Girl;Lee Sieun;이시은;시은;19.09.1993;19.06.2012;Yedang;South Korea;163;NA;F;29;11
Sihyeon;ARIAZ;sihyeon_shine;2926;Girl;Kang Sihyeon;강시현;시현;15.07.1998;23.10.2019;Rising Star;South Korea;NA;NA;F;25;3
Simyeong;BVNDIT;s_i_meyong;8719;Girl;Lee Simyeong;이시명;시명;27.05.1999;10.04.2019;MNH;South Korea;NA;NA;F;24;4
SinB;VIVIZ;bscenez;1564528;Girl;Hwang Eunbi;황은비 ;신비;03.06.1998;09.02.2022;Big Planet Made;South Korea;165;NA;F;25;1
Siwon;SUPER JUNIOR;siwonchoi;8968317;Boy;Choi Siwon;최시원;시원;07.04.1986;06.11.2005;SM;South Korea;185;65;M;37;17
Siyeon;DREAMCATCHER;______s2ing;35207;Girl;Lee Siyeon;이시연;시연;01.10.1995;13.01.2017;Happy Face;South Korea;170;NA;F;27;6
Sohee;ALICE;s2k1m;446659;Girl;Kim Sohee;김소희;소희;31.12.1999;01.07.2017;IOK Company;South Korea;NA;NA;F;23;6
Sojin;9MUSES;josojin_1011;103712;Girl;Jo Sojin;조소진;소진;11.10.1991;12.08.2010;Star Empire;South Korea;170;47;F;31;12
Sojin;GIRL'S DAY;ssozi_sojin;829165;Girl;Park Sojin;박소진;소진;21.05.1986;09.07.2010;DreamT;South Korea;167;47;F;37;13
Sojung;LADIES' CODE;sojung.lc;89294;Girl;Lee Sojung;이소정;소정;03.09.1993;07.03.2013;Polaris;South Korea;NA;NA;F;29;10
Solar;MAMAMOO;solarkeem;3295954;Girl;Kim Yongsun;김용선;솔라;21.02.1991;18.06.2014;RBW;South Korea;163;43;F;32;9
Solbin;LABOUM;solbin0819;269126;Girl;Ahn Solbin;안솔빈;솔빈;19.08.1997;27.08.2014;NH;South Korea;169;52;F;25;8
Solji;EXID;soul.g_heo;1064462;Girl;Heo Solji;허솔지;솔지;10.01.1989;16.02.2012;Yedang;South Korea;170;NA;F;34;11
Somyi;DIA;somsom_o0o;92126;Girl;Ahn Somyi;안솜이;솜이;26.01.2000;14.07.2015;MBK;South Korea;NA;NA;F;23;8
Songhee;BVNDIT;ssong.h0;8737;Girl;Yoon Songhee;윤송희;송희;08.11.1998;10.04.2019;MNH;South Korea;NA;NA;F;24;4
Soobin;WJSN;soobly_s2;252157;Girl;Park Soobin;박수빈;수빈;14.09.1996;25.02.2016;Starship;South Korea;159;NA;F;26;7
Sorn;CLC;sssorn_chonnasorn;1590111;Girl;Chonnasorn Sajakul;촌나손 사짜꾼;손;18.11.1996;19.03.2015;Cube;Thailand;164;NA;F;26;8
Soso;GWSN;w.dy314;11408;Girl;Wang Chingyi;왕징이;소소;14.03.2001;05.09.2018;Kiwi Pop;Taiwan;NA;NA;F;22;4
Sowon;GFRIEND;onedayxne;1340087;Girl;Kim Sojung;김소정;소원;07.12.1995;15.01.2015;Source;South Korea;172;NA;F;27;8
Soyee;GUGUDAN;imsoyee;86818;Girl;Jang Sojin;장소진;소이;21.11.1996;28.06.2016;Jellyfish;South Korea;NA;NA;F;26;7
Soyeon;(G)I-DLE;tiny.pretty.j;3826310;Girl;Jeon Soyeon;전소연;소연;26.08.1998;02.05.2018;Cube;South Korea;157;42;F;24;5
Soyeon;LABOUM;lsoyeonb;92115;Girl;Jung Soyeon;정소연;소연;04.05.1994;27.08.2014;NH;South Korea;161;44;F;29;8
Sua;DREAMCATCHER;sualelbora;380287;Girl;Kim Bora;김보라;수아;10.08.1994;13.01.2017;Happy Face;South Korea;164;NA;F;28;6
Subin;DAL SHABET;dalsooobin;147784;Girl;Park Subin;박수빈;수빈;12.02.1994;03.01.2011;Happy Face;South Korea;NA;NA;F;29;12
Suho;EXO;kimjuncotton;10703170;Boy;Kim Junmyeon;김준면;수호;22.05.1991;08.04.2012;SM;South Korea;173;65;M;32;11
Sujeong;LOVELYZ;iloveryu._;17792;Girl;Ryu Sujeong;류수정;수정;19.11.1997;17.11.2014;Woollim;South Korea;168;48;F;25;8
Sujin;WASSUP;bbang_su;20452;Girl;Bang Sujin;방수진;수진;26.06.1996;07.08.2013;Mafia;South Korea;NA;NA;F;27;9
Sungjae;BTOB;yook_can_do_it;3784943;Boy;Yook Sungjae;육성재;성재;02.05.1995;21.03.2012;Cube;South Korea;180;68;M;28;11
Sungjong;INFINITE;ssongjjong.ifnt;51478;Boy;Lee Sungjong;이성종;성종;03.09.1993;09.06.2010;Woollim;South Korea;177;54;M;29;13
Sungjun;BOYS REPUBLIC;sungjun1217;83773;Boy;Park Sungjun;박성준;성준;17.12.1992;03.06.2013;Happy Tribe| Universal;South Korea;175;55;M;30;10
Sungyeol;INFINITE;leeseongyeol_1991;513914;Boy;Lee Sungyeol;이성열;성열;27.08.1991;09.06.2010;Woollim;South Korea;183;59;M;31;13
Suri;CHECKMATE;suri__kang;4778;Girl;Kang Suri;강수리;수리;11.10.1994;19.06.2012;Yedang;South Korea;168;NA;F;28;11
Suwoong;BOYS REPUBLIC;suwoong_95;252627;Boy;Lee Suwoong;이수웅;수웅;20.01.1995;03.06.2013;Happy Tribe| Universal;South Korea;174;56;M;28;10
Suyeon;WEKI MEKI;suye.on2di;165395;Girl;Ji Suyeon;지수연;수연;20.04.1997;08.08.2017;Fantagio;South Korea;NA;NA;F;26;5
Taecyeon;2PM;otaecyeonk;295195;Boy;Ok Taecyeon;옥택연;택연;27.12.1988;04.07.2008;JYP;South Korea;185;76;M;34;15
Taecyeon;2PM;taecyeonokay;3389254;Boy;Ok Taecyeon;옥택연;택연;27.12.1988;04.07.2008;JYP;South Korea;185;76;M;34;15
Taeil;BLOCK B;2taeil2;323605;Boy;Lee Taeil;이태일;태일;24.09.1990;15.04.2011;KQ;South Korea;167;57;M;32;12
Taeil;NCT;mo.on_air;5906526;Boy;Moon Taeil;문태일;태일;14.06.1994;09.04.2016;SM;South Korea;171;60;M;29;7
Taemin;SHINEE;lm_____ltm;5417723;Boy;Lee Taemin;이태민;태민;18.07.1993;25.05.2008;SM;South Korea;177;53;M;30;15
Taeyong;NCT;taeoxo_nct;10567442;Boy;Lee Taeyong;이태용;태용;01.07.1995;09.04.2016;SM;South Korea;NA;NA;M;28;7
TAG;GOLDEN CHILD;son_yt7;20396;Boy;Son Youngtaek;손영택;태그;13.04.1998;28.08.2017;Woollim;South Korea;NA;NA;M;25;5
The8;SEVENTEEN;xuminghao_o;6705619;Boy;Xu Minghao;쉬밍하오;디에잇;07.11.1997;26.05.2015;Pledis;China;175;53;M;25;8
Tzuyu;TWICE;thinkaboutzu;11024366;Girl;Chou Tzuyu;저우쯔위;쯔위;14.06.1999;20.10.2015;JYP;Taiwan;169;NA;F;24;7
U-Kwon;BLOCK B;uk_0530;111781;Boy;Kim Yukwon;김유권;유권;09.04.1992;15.04.2011;KQ;South Korea;176;63;M;31;12
Uchae;NATURE;milk.chae__;718;Girl;Yu Hyejun;유혜준;유채;07.05.2002;03.08.2018;n.CH;South Korea;NA;NA;F;21;4
Umji;VIVIZ;ummmmm_j.i;1632732;Girl;Kim Yewon;김예원;엄지;19.08.1998;09.02.2022;Big Planet Made;South Korea;163;NA;F;24;1
V;BTS;thv;58541265;Boy;Kim Taehyung;김태형;뷔;30.12.1995;13.06.2013;Big Hit;South Korea;179;62;M;27;10
Vernon;SEVENTEEN;chwenotchew;5894298;Boy;Choi Hansol;최한솔;버논;18.02.1998;26.05.2015;Pledis;USA;176;56;M;25;8
Victoria;F(X);victoria02_02;3242461;Girl;Song Qian;송치엔;빅토리아;02.02.1987;05.09.2009;SM;China;168;45;F;36;13
Vivi;LOONA;vivikhvv;219814;Girl;Wong Viian;황가희;비비;09.12.1996;20.08.2018;Blockberry;Hong Kong;NA;NA;F;26;4
Way;CRAYON POP;baysunny;11402;Girl;Heo Minsun;허민선;웨이;12.07.1990;18.07.2012;Chrome;South Korea;161;NA;F;33;11
Wendy;RED VELVET;todayis_wendy;7690631;Girl;Son Seunghwan;손승완;웬디;21.02.1994;01.08.2014;SM;South Korea;160;NA;F;29;8
Wheein;MAMAMOO;whee_inthemood;2538329;Girl;Jung Wheein;정휘인;휘인;17.04.1995;18.06.2014;RBW;South Korea;162;43;F;28;9
Winwin;NCT;wwiinn_7;8165210;Boy;Dong Sicheng;뚱쓰청;윈윈;28.10.1997;09.04.2016;SM;China;NA;NA;M;25;7
Wonpil;DAY6;kimwon.pil;1310038;Boy;Kim Wonpil;김원필;원필;28.04.1994;07.09.2015;JYP;South Korea;NA;NA;M;29;7
Wonwoo;SEVENTEEN;everyone_woo;5104706;Boy;Jeon Wonwoo;전원우;원우;17.07.1996;26.05.2015;Pledis;South Korea;180;57;M;27;8
Wonyoung;IVE;for_everyoung10;7948915;Girl;Jang Wonyoung;장원영;원영;31.08.2004;01.12.2021;Starship;South Korea;NA;NA;F;18;1
Woohee;DAL SHABET;woohee91;228438;Girl;Bae Woohee;배우희;우희;21.11.1991;03.01.2011;Happy Face;South Korea;NA;NA;F;31;12
Woohyun;INFINITE;nwh91;1404946;Boy;Nam Woohyun;남우현;우현;08.02.1991;09.06.2010;Woollim;South Korea;176;52;M;32;13
Woozi;SEVENTEEN;woozi_universefactory;5022474;Boy;Lee Jihoon;이지훈;우지;22.11.1996;26.05.2015;Pledis;South Korea;165;54;M;26;8
Wow;A.C.E;sehy._.n;51448;Boy;Kim Seyoon;김세윤;와우;28.02.1993;23.05.2017;Beat;South Korea;NA;NA;M;30;6
Xiumin;EXO;e_xiu_o;8402552;Boy;Kim Minseok;김민석;시우민;26.03.1990;08.04.2012;SM;South Korea;173;65;M;33;11
Yebin;DIA;yebin_o3o;160219;Girl;Baek Yebin;백예빈;예빈;13.07.1997;14.07.2015;MBK;South Korea;164;43;F;26;8
Yechan;OMEGA X;shin___yechan;146061;Boy;Shin Yechan;신예찬;예찬;14.05.2001;17.10.2016;JT Corea;South Korea;183;64;M;22;6
Yechan;PINK FANTASY;yechan_official_md;17304;Girl;Kim Yechan;김예찬;예찬;26.11.1995;28.10.2018;My Doll;South Korea;159;45;F;27;4
Yein;LOVELYZ;happpy_yein;228766;Girl;Jeong Yein;정예인;예인;04.06.1998;17.11.2014;Woollim;South Korea;166;NA;F;25;8
Yena;IZ*ONE;yena.jigumina;2213433;Girl;Choi Yena;최예나;예나;29.09.1999;29.10.2018;Off The Record;South Korea;NA;NA;F;23;4
Yeo One;PENTAGON;9oo_sebumps;292299;Boy;Yeon Changgu;여창구;여원;27.03.1996;10.10.2016;Cube;South Korea;NA;NA;M;27;6
Yeojin;LOONA;yeojin._.o_x;198621;Girl;Im Yeojin;임여진;여진;11.11.2002;20.08.2018;Blockberry;South Korea;NA;NA;F;20;4
Yeonjun;TXT;yawnzzn;14028074;Boy;Choi Yeonjun;최연준;연준;13.09.1999;04.03.2019;Big Hit;South Korea;183;63;M;23;4
Yeonjung;WJSN;uyj_s;614951;Girl;Yu Yeonjung;유연정;연정;03.08.1999;25.02.2016;Starship;South Korea;167;52;F;23;7
Yeoreum;HELLO VENUS;hv_maknae;56818;Girl;Ahn Chaeyeon;안채연;여름;04.06.1996;09.05.2012;Fantagio;South Korea;167;48;F;27;11
Yeoreum;WJSN;s_ummer_e;340828;Girl;Lee Jinsook;이진숙;여름;10.01.1999;25.02.2016;Starship;South Korea;161;NA;F;24;7
Yeri;RED VELVET;yerimiese;10757106;Girl;Kim Yerim;김예림;예리;05.03.1999;01.08.2014;SM;South Korea;158;NA;F;24;8
Yerin;GFRIEND;every__nn;1486458;Girl;Jung Yerin;정예린;예린;19.08.1996;15.01.2015;Source;South Korea;167;NA;F;26;8
Yeseul;HI-L;seul._.ah3;1036;Girl;Kim Yeseul;김예슬;예슬;24.03.2004;11.08.2021;Kpop Live;South Korea;NA;NA;F;19;1
Yesung;SUPER JUNIOR;yesung1106;6506604;Boy;Kim Jongwoon;김종운;예성;24.08.1984;06.11.2005;SM;South Korea;178;64;M;38;17
Yiyeon;BVNDIT;jungyiyeon___;8439;Girl;Jung Dasol;정다솔;이연;28.05.1995;10.04.2019;MNH;South Korea;NA;NA;F;28;4
Yooa;OH MY GIRL;yoo__sha;98473;Girl;Yoo Siah;유시아;유아;17.09.1995;21.04.2015;WM;South Korea;160;50;F;27;8
Yoohyeon;DREAMCATCHER;ms.yoohyeonkim;34988;Girl;Kim Yoohyeon;김유현;유현;07.01.1997;13.01.2017;Happy Face;South Korea;171;NA;F;26;6
Yoojung;WEKI MEKI;dbeoddl__;921525;Girl;Choi Yoojung;최유정;유정;12.11.1999;08.08.2017;Fantagio;South Korea;NA;NA;F;23;5
Yoonjo;UNI.T;_yoonjo;130237;Girl;Shin Yoonjo;신윤조;윤조;14.12.1992;18.05.2018;Unit Culture;South Korea;NA;NA;F;30;5
Yooyoung;HELLO VENUS;hv_u0;105187;Girl;Lee Yooyoung;이유영;유영;23.01.1995;09.05.2012;Fantagio;South Korea;170;49;F;28;11
Yoseob;HIGHLIGHT;yysbeast;1226311;Boy;Yang Yoseob;양요섭;요섭;05.01.1990;14.10.2009;Around Us;South Korea;171;56;M;33;13
Young K;DAY6;from_youngk;1232061;Boy;Kang Young-hyun;강영현;영케이;19.12.1993;07.09.2015;JYP;South Korea;NA;NA;M;29;7
Youngjae;B.A.P;yjayo;288984;Boy;Yoo Youngjae;유영재;영재;24.01.1994;27.01.2012;TS;South Korea;178;65;M;29;11
Youngjae;GOT7;333cyj333;6692941;Boy;Choi Youngjae;최영재;영재;17.09.1996;16.01.2014;JYP;South Korea;175;59;M;26;9
Youngmin;BOYFRIEND;boyym_95;131375;Boy;Jo Youngmin;조영민;영민;24.04.1995;26.05.2011;Starship;South Korea;180;NA;M;28;12
Yugyeom;GOT7;yu_gyeom;12132886;Boy;Kim Yugyeom;김유겸;유겸;17.11.1997;16.01.2014;JYP;South Korea;180;64;M;25;9
Yujeong;BRAVE GIRLS;braveg_yj;612734;Girl;Nam Yujeong;남유정;유정;02.05.1991;08.04.2011;Brave;South Korea;NA;NA;F;32;12
Yuji;3YE;sson_uj;15812;Girl;Son Yuji;손유지;유지;25.11.1998;21.05.2019;GH;South Korea;160;45;F;24;4
Yujin;IVE;_yujin_an;4836626;Girl;Ahn Yujin;안유진;유진;01.09.2003;01.12.2021;Starship;South Korea;NA;NA;F;19;1
Yuju;CHERRY BULLET;uzoo_c;44341;Girl;Choi Yuju;최유주;유주;05.03.1997;21.01.2019;FNC;South Korea;NA;NA;F;26;4
Yuju;GFRIEND;yuuzth;1367944;Girl;Choi Yuna;최유나;유주;04.10.1997;15.01.2015;Source;South Korea;169;NA;F;25;8
Yuna;AOA;yn_s_1230;439441;Girl;Seo Yuna;서유나;유나;30.12.1992;30.07.2012;FNC;South Korea;163;45;F;30;10
Yuna;BRAVE GIRLS;u.nalee;322465;Girl;Lee Yuna;이유나;유나;06.04.1993;08.04.2011;Brave;South Korea;NA;NA;F;30;12
Yunjin;LE SSERAFIM;jenaissante;5427193;Girl;Huh Yunjin;허윤진;윤진;08.10.2001;02.05.2022;Source;South Korea;171;53;F;21;1
Yuqi;(G)I-DLE;yuqisong.923;5838243;Girl;Song Yuqi;송우기;우기;23.09.1999;02.05.2018;Cube;China;162;48;F;23;5
Yura;GIRL'S DAY;yura_936;1850297;Girl;Kim Ahyoung;김아영;유라;06.11.1992;09.07.2010;DreamT;South Korea;168;49;F;30;13
Yuri;IZ*ONE;zo__glasss;1502071;Girl;Jo Yuri;조유리;유리;22.10.2001;29.10.2018;Off The Record;South Korea;NA;NA;F;21;4
Yurim;3YE;_ddorim;16127;Girl;Park Yurim;박유림;유림;13.04.1998;21.05.2019;GH;South Korea;164;NA;F;25;4
Yuta;NCT;yuu_taa_1026;9329651;Boy;Nakamoto Yuta;나카모토 유타;유타;26.10.1995;09.04.2016;SM;Japan;NA;NA;M;27;7
Yuto;PENTAGON;yuto_dachi;392397;Boy;Adachi Yuto;아다치 유토;유토;23.01.1998;10.10.2016;Cube;Japan;NA;NA;M;25;6
Yves;LOONA;yvesntual;239878;Girl;Ha Sooyoung;하수영;이브;24.05.1997;20.08.2018;Blockberry;South Korea;NA;NA;F;26;4
Zelo;B.A.P;byzelo;777028;Boy;Choi Junhong;최준홍;젤로;15.10.1996;27.01.2012;TS;South Korea;182;63;M;26;11
Zico;BLOCK B;woozico0914;4814973;Boy;Woo Jiho;우지호;지코;14.09.1992;15.04.2011;KQ;South Korea;182;65;M;30;12
Ziu;VAV;ziu.vav;247204;Boy;Park Heejun;박희준;지우;16.06.1997;31.10.2015;A team;South Korea;185;70;M;26;7
ZN;LABOUM;baejinyea;81988;Girl;Bae Jinye;배진예;지엔;09.06.1994;27.08.2014;NH;South Korea;169;48;F;29;8
Zuho;SF9;zuuuuu_oh;398744;Boy;Bae Juho;백주호;주호;04.07.1996;05.10.2016;FNC;South Korea;NA;NA;M;27;6
Zuny;LADIES' CODE;zuny_l___l;64731;Girl;Kim Joomi;김주미;주니;08.12.1994;07.03.2013;Polaris;South Korea;NA;NA;F;28;10
